Sku,Brand,AccSet,DisplayName,UnitCode,LastPricePaid
CHE09121F,MAINLAND,FZN,*VDEL**CHEESE CAMEMBERT CREAMY LOG 1KG (MAINLAND) [FZN],EA,47.41
LEA085,PATTIES,FZN,ROLLS CHICKPEA SPIN ONION *VEGAN* 450GM 12s(PATTIES 1004396),PKT,5.97
LEA084,PATTIES,FZN,ROLLS MINI SPIN & RIC*VEGE* 530GM 24s (PATTIES 1004374)[FZN],PKT,10.91
JAMA21,ANATHOTH,DRY,JAM APRICOT 1.25KG (ANATHOTH),TUB,13.04
ICE31,KIWI,FZN,ICE CREAM VANILLA BOARD 5L (KIWI/MUCH MOORE PVAN5B) [FZN],EA,10.95
SUGAI5,ANY BRAND,DRY,ICING SUGAR 5KG,BAG,16.04
SUGAI1,ANY BRAND,DRY,ICING SUGAR 1KG,BAG,3.99
APRIW,BALARS,DRY,APRICOTS DRIED WHOLE 1KG (BALARS),BAG,9.56
HON136,HANTZ,DRY,HONEY LIQUID(CHCH) 1.36KG (HANTZ),TUB,13.89
ICE392,MUCH MOORE,FZN,ICE CREAM VANILLA *PLASTIC* 5L (MUCH MOORE VAN05) [FZN],TUB,18.14
FBC301,PREP KITCHEN,CHIL,HUMMUS WITH BEETROOT & CASHEW 750G (PREP KITCHEN),PKT,12.95
FBC08,PREP KITCHEN,CHIL,HUMMUS NATURAL 1KG (PREP KITCHEN),POU,14.28
GUAC2,CONSTANTIA,FZN,GUACAMOLE DIP MLD FZN 1KG (CONSTANTIA),PKT,19.14
NF5409,HANDY ANDY,DRY,HANDY ANDY PINE *GREEN* 5L (HANDY ANDY 741035/2),BTL,27.55
MEAT0110,RYANS,CHIL,HAM SHAVED MANUKA SMOKED *PER KG*(HUTTONS SHAVMETROGF)[CHIL],KG,15.38
GRA027,KNORR,DRY,GRAVY RICH BROWN 7.5KG (KNORR),PAI,134.19
MEAT0030A,PREMIER,CHIL,BACON [16200] STREAKY RAW 1KG FSH (PREMIER),PKT,25.50
WINE100,CHURCH ROAD,DRY,WINE MERLOT CABERNET SAUVIGNON 750ML (CHURCH ROAD),BTL,21.35
ALCOH26,CANADIAN CLUB,DRY,WHISKEY 1LIT(CANADIAN CLUB),BTL,54.00
WINE8200,VILLA MARIA,DRY,WINE *CELLAR SELECT* MERLOT CAB SAV 750ML (VILLA MARIA),BTL,15.95
WINE15,BABYDOLL,DRY,WINE PINOT GRIS 750ML (BABYDOLL),BTL,15.25
SOHO5,SOHO,DRY,WINE PINOT NOIR  WHTE COLLECTION 750ML (SOHO),BTL,19.96
WINE848,VILLA MARIA,DRY,WINE ESK VALLEY MERLOT MALBEC 750ML (VILLA MARIA),BTL,18.50
WINE04,ANY BRAND,DRY,WINE PINOT NOIR MOUNT BROWN 750ML (MOUNT BROWN),BTL,22.38
WINE841,VILLA MARIA,DRY,WINE DULCET SPARKLING BRUT 750ML (VILLA MARIA),BTL,20.50
WINE902,ARA SINGLE ESTATE,DRY,WINE PINTO NOIR *ROSE* 750ML/6 (ARA SINGLE ESTATE),CTN,106.06
ALCOH212,42 BELOW,DRY,VODKA CRUISER ICE 330ML(12BTLS/CTN),CTN,29.08
WINE3,RIVERSTONE,DRY,WINE MERLOT CLASSICE RED 750ML(RIVERSTONE),BTL,13.50
ALCOH1E,ANY BRAND,DRY,CRUISER VODKA 275ML (12BTLS/CTN),CTN,30.65
WINE03,ANY BRAND,DRY,WINE RED GUN ESTATE PINOT NOIR750ML (GUN ESTATE),BTL,11.59
WINE73,OYSTER BAY,DRY,WINE MALBOROUGH ROSE (6/750ML) (OYSTER BAY) CTN ONLY,CTN,128.52
WINE006,LOST AND FOUND,DRY,WINE PINOT GRIS ORIGIN 750ML 6S (LOST AND FOUND),CTN,118.18
ALCOH574,ANY BRAND,DRY,VODKA ELITE GREEN APPLE 700ML (ROYAL DRAGON),BTL,63.00
WINE005,LOST AND FOUND,DRY,WINE PINOT NOIR ORIGIN 750ML 6s (LOST AND FOUND),CTN,118.18
WINE21,BRANCOTT,DRY,WINE RED MERLOT 187MLX24'S (BRANCOTT ESTATE),BOX,130.00
WINE62,BAROSSA VALLEY,DRY,WINE GRENACHE SHIRAZ MOURVEDRE (6/750ML) (BAROSSA) CTN ONLY,CTN,141.59
WINE846,VILLA MARIA,DRY,WINE CELLAR SELECTION PINOT GRIS 750ML (VILLA MARIA),BTL,18.50
WINE802,OYSTER BAY,DRY,WINE CAB SAUVIGON (6/750ML) (BAROSSA VALLEY) *CTN ONLY*,CTN,141.64
ALCOH012,CORUBA,DRY,RUM CORUBA & COLA 7% ALC CAN 250ML 12s (CORUBA),CTN,31.61
WINE840,VILLA MARIA,DRY,WINE PINOT GRIS 750ML (VILLA MARIA),BTL,19.10
WINE75,OYSTER BAY,DRY,SPARKLING BRUT (6/750ML) (OYSTER BAY) CTN ONLY,CTN,141.64
WINE118,PETER YEALANDS,DRY,WINE PINOT GRIS 750ML (YEALANDS),BTL,22.38
WINE82,VILLA MARIA,DRY,WINE *PRIVATE BIN* MERLOT CABERNET SAV 750ML (VILLA MARIA),BTL,17.12
WINE72,OYSTER BAY,DRY,WINE HAWKES BAY MERLOT (6/750ML) (OYSTER BAY) CTN ONLY,CTN,122.73
WINE81,VILLA MARIA,DRY,WINE CHARDONNAY PRIVATE BIN 750ML (VILLA MARIA),BTL,18.33
ALCOH230,BRAND,DRY,LIQUER 700 ML (MIDORI),BTL,41.86
WINE003,CONCHA Y TORO,DRY,WINE CABERNET SAUVIGNON FRONTERA 750ML 6s (CONCHA Y TORO),CTN,73.45
WINE71,OYSTER BAY,DRY,WINE MARLB SAUVIGNON BLANC (6/750ML) (OYSTER BAY) CTN ONLY,CTN,122.73
MILKPSK1,ANY BRAND,DRY,MILK UHT 1 LTR,TET,2.81
GINGJ15,ANY BRAND,DRY,GINGER PICKLED PINK 1KG (LT),BAG,4.23
GINGC,BEST BUY,CHIL,GINGER CRUSHED/PASTE 1KG FSH (BEST BUY),TUB,13.30
GINGG,BALARS,DRY,GINGER GROUND PURE 1KG (BALARS),BAG,12.27
GHERB3,SANDHURST,DRY,GHERKINS(CUCUMBER) BABY 2KG (SANDHURST),JAR,13.61
GOLDS1,CHELSEA,DRY,GOLDEN SYRUP 1KG (CHELSEA),TIN,7.87
BEER251,SPEIGHTS,DRY,BEER GOLD 330ML 15s (SPEIGHTS),CTN,32.92
ALCOH51,ANY BRAND,DRY,VODKA ABSOLUT CITRO 700ML,BTL,45.00
ALCOH56,ANY BRAND,DRY,VODKA SMIRNOFF 1LTR,BTL,43.45
WINE112,GOOD COMPANY,DRY,WINE PINOT GRIS 750ML (GOOD COMPANY),BTL,14.05
GHERW4,COUNTRY LANE,CHIL,GHERKINS WHOLE 4KG (COUNTRY LANE),PAI,21.73
NF2027,HUHTAMAKI,DRY,CONTAINERS PLASTIC BLACK 5LTR 25s/SLV (HUHTAMAKI H100095),SLV,38.14
FRENCH417,FRENCH BAKERY,FZN,(199)SAVOURIES PETITE GOURMET ASST 19GM/120 (FRENCHBAKERY),CTN,67.38
GHERS4,COUNTRY LANE,CHIL,GHERKINS LONG SLICED 4KG (COUNTRY LANE),TUB,21.73
GHERB4,SANDHURST,DRY,GHERKINS SANDWICH STACKERS 2KG (SANDHURST),JAR,11.27
BUT008A,MAINLAND,CHIL,BUTTER UNSALTED 500GM (MAINLAND 114654) [CHIL],EA,7.93
BEANCA9,METELLIANA,DRY,BEANS CANNELLINI (WHITE BEANS) 2.6KG(ANTICA NAPOLI),TIN,5.89
BEANB501,SANDHURST,DRY,BEAN FIVE MIX A10 (SANDHURST),TIN,10.23
BEANRKE3,ANY BRAND,DRY,BEANS BLACK REFRIED 3KG,TIN,24.73
BEANBEYE,BALARS,DRY,BEANS BLACK EYE 1KG (BALARS),BAG,6.59
BEANP25,ANY BRAND,DRY,BEANS PINK 25KG,BAG,119.08
BREFR467,GOOD HONEST BAKING,CHIL,(BAPB100) BUN BAP BLACK 100GM (GOOD HONEST)- [FSHBRD],EA,1.97
BEANBE25,ANY BRAND,DRY,BEANS BLACK EYE 25KG,BAG,121.00
BEANRK1,BALARS,DRY,BEANS RED KIDNEY DRIED 1KG (BALARS),BAG,6.31
BEANRK251,ANY BRAND,DRY,BEANS RED KIDNEY DRIED 25KG,BAG,149.95
BEANBBA9,METELLIANA/SOFIA,DRY,BEANS BUTTER A9 (METELLIANA/SOFIA),EA,9.22
BEANPINK,BALARS,DRY,BEANS PINK 1KG (BALARS),BAG,5.29
FRENCH326,FRENCH BAKERY,FZN,(107) PIE SPEIGHTS (18'S) 200GM (FRENCH BAKERY),CTN,76.67
FRENCH504,FRENCH BAKERY,FZN,(049) FLUTES 15's 110GM FZN (FRENCH BAKERY),CTN,22.00
FRENCH312,FRENCH BAKERY,FZN,(045) BAGUETTE 190GM/20 (FRENCH BAKERY),CTN,39.42
FRENCH306,FRENCH BAKERY,FZN,(057) CIABATTA GARLIC BAGUETTE 16/240MM (FRENCH BAKERY),CTN,34.08
FRENCH6,FRENCH BAKERY,FZN,(134) TURKISH POCKETS (CTN42) FZN (FRENCH BAKERY),CTN,54.52
FRENCH62,FRENCH BAKERY,FZN,(025) SLIDER ROLLS(MINI BUNS) 35GM 50'S (FRENCH BAKERY),CTN,22.84
FRENCH61,FRENCH BAKERY,FZN,(093) BRIOCHE LOAF 360GM/5 FZN (FRENCH BAKERY),CTN,36.17
BEER48,SAWMILL,CHIL,BEER IPA CAN 330ML 24s (SAWMILL),CTN,102.55
MILKP2,MILLIGANS,DRY,MILK POWDER INSTANT 1KG (ECLIPSE/MAGIC),PKT,14.50
NF3576,BIOPAK,DRY,FORKS FSC WOODEN 16CM 100s/PKT (BIOPAK HY-16F),PKT,13.67
MASALAG,BALARS,DRY,GARAM MASALA 1KG (BALARS),BAG,9.25
FLR0041,FLORENTINES,FZN,FLOURLESS TORTE GF CHOCOLATE [1.35KGS/25CM]GF41 (FLORENTINES,EA,28.80
FLOUW1,BALARS,DRY,FLOUR WHOLEMEAL 1KG (BALARS),BAG,3.56
NF0119,QIWI,DRY,FOIL ALUMINIUM 440MMx150M (QIWI F102),ROL,26.82
FLOUB11,BAKELS,DRY,FLOUR GLUTEN FREE 800GM (BAKELS),PKT,7.11
NF6312,STOCKINET,DRY,CHEESECLOTH *MUSLIN* 2.5KG (STOCKINET),PKT,30.07
FLOUW10,CHAMPION,DRY,FLOUR WHOLEMEAL 10KG (CHAMPION),BAG,22.99
FLOU10,ESSENTIALS,DRY,FLOUR PLAIN 10KG (ESSENTIALS)(PREMIUM BAKERS),BAG,12.70
CHE08132,ARNOLDI,CHIL,CHEESE TALEGGIO **230GM** BLOCK (PER UNIT),EA,9.63
CON25,MARKWELL,FZN,FISH TEMPURA BATTERED BAR BITES 5KG 125PC (5080)(MARKWELL),CTN,65.01
FLOUS20,CHAMPION,DRY,FLOUR BETA (STRONG) 20KG (CHAMPION),BAG,34.38
FENNS,BALARS,DRY,FENNEL SEEDS 1KG (BALARS),BAG,8.82
FIGS,BALARS,DRY,FIGS TURKISH DRIED 1KG (BALARS),BAG,16.87
FLOUCM1,BALARS,DRY,FLOUR CORN MAIZE 1KG (BALARS),BAG,2.73
FALA200,WILD CHEF,FZN,FALAFEL MINI *GF* 25GM 70s/PKT (WILDCHEF 33522) [FZN],PKT,39.52
ESSV001,ESSENTIALS,DRY,ESSENCE VANILLA 2LTR (ESSENTIALS),BTL,25.11
BAR0601,BARKERS,DRY,EGGPLANT PICKLE SPICY 1KG (BARKERS),POU,13.80
DON021,ORIGINAL FOODS,FZN,DONUT (30GM) BULK-PLAIN POP (2X36'S)(ORIGINAL FOODS),CTN,46.36
EMPANCC50G,UNITED FOOD CO,FZN,EMPANADAS CRAB & CORN (50GM/16PCS) FZN 800G PKT (UNITED),PKT,12.22
BAR0011,BARKERS,DRY,CURD LEMON 1.25KG (BARKERS),BTL,9.51
NF5384,ESSENTIALS,DRY,DETERGENT MANUAL DISHWASH HI FOAM 5L (ESSENTIALS ESNF5384),BTL,10.49
DATEDC1,BALARS,DRY,DATES DRIED CHOPPED 1KG (BALARS),BAG,7.53
NF5808,ANY BRAND,DRY,DISH BRUSH,EA,4.21
CUMS,BALARS,DRY,CUMIN SEEDS 1KG (BALARS),BAG,9.69
CREA2,ANY BRAND,CHIL,CREAM FRESH 2 LTR (FOOD SERVICE) [CHIL],BTL,16.64
CRUMB1,BALARS,DRY,CRUMBS BREAD FINE WHITE 1KG (BALARS),BAG,5.00
CHEECT2,ANCHOR,CHIL,CREAM CHEESE ORIGINAL 2KG (ANCHOR 3005847) [CHIL],TUB,33.04
CUMP,BALARS,DRY,CUMIN POWDER 1KG (BALARS),BAG,8.79
CRAND,BALARS,DRY,CRANBERRIES DRIED WHOLE 1KG (BALARS),BAG,18.08
COUS,BALARS,DRY,COUS COUS 1KG (BALARS)(MORROCAN/TUNISIAN),BAG,6.97
TORTP342,MISSION FOODS,FZN,CORN CHIPS PRE CUT UN FRIED 1.5KG (MISSION FOODS MISS002),PKT,18.48
CORRP,BALARS,DRY,CORIANDER POWDER 1KG (BALARS),PKT,6.50
CRANDS1,BALARS,DRY,CRANBERRIES DRIED SLICED 1KG (BALARS),BAG,11.52
NF1675,HUHTAMAKI,DRY,CONTAINERS TRAYS CLEAR 1200ML 35s/SLV (HUHTAMAKI 1000TP001),SLV,16.10
CORRS750,BALARS,DRY,CORIANDER SEEDS 750GM (BALARS),PKT,4.87
COCODFS1,BALARS,DRY,COCONUT DESSICATED FANCY SHRED 1KG (BALARS),BAG,8.88
COCODC,BALARS,DRY,COCONUT DESSICATED CHIPS 1KG (BALARS),BAG,9.22
COCODM1,BALARS,DRY,COCONUT DESSICATED MEDIUM 1KG (BALARS),BAG,7.65
ALPRO53,ALPRO,DRY,COCONUT MILK PROFESSIONAL 1LTR (ALPRO),TET,4.24
COCOCBM425KAR,KARA,DRY,COCONUT MILK 425ML (KARA),TIN,2.61
COCODF,BALARS,DRY,COCONUT DESSICATED FINE 1KG (BALARS),BAG,7.65
FLR0120,FLORENTINES,FZN,(CI33)MUFFIN SAVOURY MEDITERRANEAN 9'S (FLORENTINES),INN,20.55
COCOA,BALARS,DRY,COCOA POWDER 1KG (BALARS),BAG,10.68
CLOVEP,BALARS,DRY,CLOVES POWDER PURE 1KG (BALARS),BAG,33.67
COCOCB425ML,KARA,DRY,COCONUT CREAM (25%) 425ML (KARA),TIN,1.75
CELES1,BALARS,DRY,CELERY SEED 1KG (BALARS),BAG,10.92
COCOK1,KARA,DRY,COCONUT CREAM 24% 1LTR (KARA),TET,6.27
BAR0701,BARKERS,DRY,CHUTNEY GREEN TOMATO & JALAPENO 1KG (BARKERS),POU,13.22
CINNI500,BALARS,DRY,CINNAMON STICKS INDIAN 500GM (BALARS),BAG,5.41
BAR0521,BARKERS,DRY,CHUTNEY MANGO & PEACH 1KG (BARKERS),EA,16.99
NF5382,ESSENTIALS,DRY,CLEANER SPRAY & WIPE CITRUS 5L (ESSENTIALS ESNF5382),BTL,11.73
NF5371,ESSENTIALS,DRY,CLEANER TOILET BOWL 5L (ESSENTIALS ESNF5371),BTL,31.25
CINNPS,BALARS,DRY,CINNAMON GROUND SUPERIOR 1KG (BALARS),BAG,14.95
BAR0731,BARKERS,DRY,CHUTNEY SUNDRIED TOMATO & OLIVE 1KG (BARKERS),PKT,13.22
CHOC12,EQUA GOLD,DRY,CHOCOLATE COUVERTURE WHITE 30% 1KG (EQUAGOLD),PKT,27.98
BAR004A,BARKERS,DRY,CHUTNEY FARMSTYLE PLUM & TAMARILLO 1KG (BARKERS),PKT,13.72
CHOCBUTD,ESSENTIALS,DRY,CHOCOLATE BUTTONS DARK COMPOUND 1KG (ESSENTIALS),BAG,7.34
CHOCCW5,EQUAG,DRY,CHOCOLATE COUVERTURE WHITE (30%) 5KG CALLETS (EQUAGOLD),BAG,134.57
CHOCDR5K,CADBURY,DRY,CHOCOLATE DRINKING (2/2.5KG) 5KG (CADBURY),CTN,30.59
CHOCCD51,EQUAG,DRY,CHOCOLATE COUVERTURE DARK (56%) 1KG CALLETS (EQUAGOLD),PKT,29.40
BAR0721,BARKERS,DRY,CHUTNEY CAPSICUM APRICOT 1KG (BARKERS),EACH,14.75
POT50,WILD CHEF,FZN,CHIPS POLENTA *GF* 2KG (WILDCHEF 33270) [FZN],BAG,12.72
CHOCBUTW,ESSENTIALS,DRY,CHOCOLATE BUTTON WHITE COMPOUND 1KG (ESSENTIALS),BAG,7.90
CHICKM283,ANTICA NAPOLI,DRY,CHICKPEAS A9 (ITALIAN),TIN,5.79
CHIPJ3,SAN PABLO,DRY,CHIPS CORN (NATURAL) ROUND (GLUTEN FREE) 1KG(SAN PABLO),BAG,12.40
CHIC,BALARS,DRY,CHICKPEAS (9MM) 1KG (BALARS),BAG,6.00
CHIPJ2,SAN PABLO,DRY,CHIPS CORN (CHEESE) ROUND (GLUTEN FREE) 1KG(SAN PABLO),BAG,12.12
CHILF,BALARS,DRY,CHILLI CRUSHED FLAKES (PIZZA CUT) 1KG (BALARS),BAG,11.63
CHE1302,GRANA PADANO,CHIL,CHEESE PARMESAN (**PER KG**) (GRAN OPERA/MANTOVANO),KG,23.22
POF400,HELLERS,CHIL,CHICKEN ROASTED SHREDDED 1KG (HELLERS CHSHDRST1HL) [CHIL],PKT,26.39
CHEB5,BARRYS BAY,CHIL,CHEESE SMOKED (***PER KG***)  (BARRY'S BAY) - [CHIL],KG,30.42
CHE1242,ALPINE,CHIL,CHEESE SMOKED CHEDDAR GRATED 1KG (ALPINE),BAG,19.95
FRU040,BARNICOAT RANGE,FZN,CHERRIES DARK SWEET 1KG (BARNICOAT CHER003) [FZN],BAG,11.93
CHEV2A,ANY BRAND,CHIL,CHEESE MOZZARELLA VEGAN *BLOCK* NOT GRATED* 1KG (ANGEL FOOD),EA,16.99
CHE0813,WHITESTONE,CHIL,CHEESE TOTARA TASTY CHEDDAR LOG/BLOCK (PER KG) (WHITE STONE),KG,37.88
CHE1311,PERFECT ITALIANO,CHIL,CHEESE RICOTTA 500GM (PERFECT ITALIANO 3000803) [CHIL],TUB,10.95
CHE0890,TATUA,CHIL,CHEESE MASCARPONE 1KG (TATUA),PKT,13.95
CHE034,ALPINE,CHIL,CHEESE SLICE (SWISS) 1KG (ALPINE),PKT,21.90
CHE12521,TAVERNA,CHIL,CHEESE GRILL CHEESE (FETC3343) HALOUMI BLOCK KG (TAVERNA),PKT,23.01
CHE110,BEST BUY,CHIL,CHEESE GRATED (TASTY) 5KG (BEST BUY/MILLIGANS) [CHIL],BAG,58.96
CHE097,MIILIGANS,CHIL,CHEESE GRATED CATERERS 5KG (ECLIPSE) [CHIL],BAG,53.80
BEER21,CHANG,DRY,BEER 330ML 24s (CHANG),CTN,102.27
BEER5,EXPORT GOLD,DRY,BEER 330ML 15s (EXPORT GOLD),CTN,32.92
CHE088,POLARIS,FZN,CHEESE CAMEMBERT CRUMBED FZN 1KG (POLARIS),PKT,28.53
CHE117,EMBORG,CHIL,CHEESE BLUE VEIN DANABLU 50 + (PER KG) (EMBORG) - [CHILLED],KG,23.15
CHE085,WHITESTONE,CHIL,CHEESE CHEFS BRIE WHEEL 900GM (WHITESTONE),WHL,26.84
CHE122,KAPITI,CHIL,CHEESE CHEDDAR AGED BLACKCURRANT *RED* 170GM(KAPITI 3111569),BLK,10.32
CHE09211A,SERVICE FOODS,CHIL,CHEESE FETA COMBI 920GM+,PKT,14.14
CHE0937,VEGA MANCHA,CHIL,CHEESE GOAT LOG CAPRICHO DE CABRA NATURAL 1KG (PRODIOTTI),LOG,31.00
CHE082,MAINLAND,CHIL,CHEESE BLUE VEIN WEDGES 100GM (MAINLAND 110457) [CHIL],BLK,4.83
BRE400,THE ORIGINAL BREAD,FZN,BURGER BUN BAP 100GM/27'S (ORIGINAL BREAD) (JOES ONLY),CTN,24.37
BRE039,COTTAGE LANE,FZN,BUN ARTISAN 110GM 72s (COTTAGE LANE 2270C) [FZN],CTN,71.02
CAPE,SANDHURST,DRY,CAPERS PREMIUM 2KG (SELESTA/SANDHURST),JAR,15.55
TORTPF51,FARRAH,DRY,"FLOUR SOFT TORTILLA (10.5"") 12'S (FARRAH)",PKT,8.57
BEER410,LION RED,DRY,BEER 330ML 24s (LION LIGHT ICE),CTN,65.05
DES031,GOOFY,FZN,CAKE SLICE CARAMEL CLASSIC GOOFY SLAB (ORIGINAL) [FZN],EA,28.95
COOKS403,,DRY,CANOLA SPRAY 500GM SPRINK [1322-10] (BAKELS),TIN,9.50
DES503,GOOFY,FZN,CAKE SLICE LEMON ZINGY GOOFY SLAB (ORIGINAL SSZIN-400) [FZN],SLB,28.00
DES030,ORIGINAL FOODS,FZN,CAKE RASPBERRY SHORTCAKE GOOFY SLAB 2KG (ORIGINAL) [FZN],EA,28.50
DES498,GOOFY,FZN,CAKE SLICE LOLLIE GOOFY SLAB (ORIGINAL SSLOL-400) [FZN],SLB,29.95
DES501,ORIGINAL FOODS,FZN,CAKE SLICE COOKIE CARAMEL GOOFY SLAB (ORIGINAL) [FZN],SLB,28.00
CAPEB155,DELMAINE,DRY,CAPERBERRIES 1.55KG (DELMAINE 04404 ),TUB,26.41
BUTTPPS5,PIC'S,DRY,BUTTER PEANUT CRUNCHY (SALTED) 5KG (PICS),PAI,59.96
BUT013,WESTGOLD,CHIL,BUTTER SALTED 500GM (WESTGOLD) [CHIL],EA,8.14
BUT005,WESTGOLD,CHIL,BUTTER UNSALTED 500GM *SPECIAL* (WESTGOLD) - [CHILLED],EA,7.27
BULGC,BALARS,DRY,BULGHUR WHEAT COARSE 1KG (BALARS),BAG,3.23
CACAON500,BALARS,DRY,CACAO NIBS RAW 500GM (CERES/BALARS),PKT,16.71
BULGF,BALARS,DRY,BULGHUR WHEAT FINE 1KG (BALARS),BAG,2.92
DES497,GOOFY,FZN,CAKE CHOCOLATE GOOFY 390x295x55MM SLAB (ORIGINAL) [FZN],SLB,26.00
TOORD5,ANY BRAND,DRY,DHAL TOOR 5KG,BAG,24.92
VEGF8012,RAW EARTH,CHILVG,CAPSICUM GREEN SLICED 5-8MM (1KG)  - [PREPVG],BAG,10.95
PAS156,QFS,FZN,PASTRY (SWEET SHORT) BUTTERCRUST 5KG (QFS),ROL,33.25
BRE0982,ANY BRAND,FZN,BURGER BUNS LARGE SESAME 4PK G/F,PKT,8.35
BUCK,BALARS,DRY,BUCKWHEAT HULLED 1KG (BALARS),BAG,6.11
BRE068,BURGEN,FZN,BREAD SUNFLOWER & CHIA GLUTEN FREE 600GM (BURGEN 210),PKT,8.58
DES003,ORIGINAL FOODS,FZN,BROWNIE COCONUT CHOCOLATE GOOFY *GF* SLAB (ORIGINAL) [FZN],SLB,28.90
DES96A,ORIGINAL FOODS,FZN,BROWNIE SLICE CARAMEL SALTED GOOFY *GF* SLAB (ORIGINAL)[FZN],SLB,28.90
DES47,ORIGINAL FOODS,FZN,BROWNIE CARAMEL WALNUT GOOFY SLAB (ORIGINAL SSBRC-500) [FZN],SLB,28.00
DES529,ORIGINAL FOODS,FZN,BROWNIE SLICE GOOFY *GF* PRE-CUT 28s/SLAB (ORIGINAL) [FZN],SLB,31.00
BRE0710,NORTHS,FZN,BREAD TOAST WHITE FRESH 600GM [FZN](NORTHS 669),EA,1.93
TORT32,TIO PABLO,CHIL,TORTILLAS WHITE CORN 12CM 1KG (TIO PABLO) [CHILLED],PKT,15.07
FRU023A,FRESH AS,DRY,BEETROOT POWDER FREEZE DRIED 200GM (FRESH AS),BAG,43.09
WALNH16,ANY BRAND,CHIL,WALNUT HALVES (20%) USA 11.34KG,CTN,192.78
URIDDHS1,BALARS,DRY,DHAL URID WITH SKIN (SPLIT) 1KG (BALARS),BAG,5.00
